種類,L1,L2,L3,L4,L1/L2,L4/L1
シハイスミレ,23.9,12.8,17.5,6.4,1.87,0.268
シハイスミレ,25.1,16.5,18.8,6.3,1.52,0.251
シハイスミレ,33.1,20.3,20.6,12.5,1.63,0.378
シハイスミレ,30.2,15.1,20.9,9.3,2,0.308
シハイスミレ,30.8,16,25.8,5,1.93,0.162
シハイスミレ,31.3,19.7,24.5,6.8,1.59,0.217
シハイスミレ,41.9,22.2,31.2,10.7,1.89,0.255
シハイスミレ,35.9,20,25.5,10.4,1.8,0.29
シハイスミレ,35.8,23.2,24.9,10.9,1.54,0.304
シハイスミレ,39.8,22.4,29.8,10,1.78,0.251
シハイスミレ,42,24.6,31.9,10.1,1.71,0.24
シハイスミレ,47.1,22.9,37,10.1,2.06,0.214
シハイスミレ,21.4,15.1,12.9,8.5,1.42,0.397
シハイスミレ,22.9,13.7,16.8,6.1,1.67,0.266
シハイスミレ,23.8,12.4,18.8,5,1.92,0.21
シハイスミレ,25,13.3,20.1,4.9,1.88,0.196
シハイスミレ,25.1,16.3,18.4,6.7,1.54,0.267
シハイスミレ,28.1,15.2,21.1,7,1.85,0.249
シハイスミレ,27,13.7,19.5,7.5,1.97,0.278
シハイスミレ,31.8,14.2,23.2,8.6,2.24,0.27
シハイスミレ,36.6,18.6,25,11.6,1.97,0.317
シハイスミレ,44,20.5,33,11,2.15,0.25
シハイスミレ,44.6,22.9,32,12.6,1.95,0.283
シハイスミレ,47.2,22.9,35.5,11.7,2.06,0.248
シハイスミレ,45.1,22.8,36,9.1,1.98,0.202
シハイスミレ,40.4,21.8,30.4,10,1.85,0.248
シハイスミレ,43,19,32,11,2.26,0.256
シハイスミレ,48.1,23,37.9,10.2,2.09,0.212
シハイスミレ,54,32.3,38,16,1.67,0.296
シハイスミレ,53.3,29.9,39,14.3,1.78,0.268
シハイスミレ,56,27,41,15,2.07,0.268
シハイスミレ,56.8,26.9,44,12.8,2.11,0.225
シハイスミレ,58.2,27.9,45.3,12.9,2.09,0.222
シハイスミレ,60.4,35,44.5,15.9,1.73,0.263
シハイスミレ,62.8,32,53.3,9.5,1.96,0.151
シハイスミレ,65.2,37.3,52.4,12.8,1.75,0.196
シハイスミレ,65.8,39,53.9,11.9,1.69,0.181
シハイスミレ,66,30.4,52,14,2.17,0.212
シハイスミレ,69.2,35.5,52.4,16.8,1.95,0.243
シハイスミレ,24.8,16,17.8,7,1.55,0.282
シハイスミレ,26,18.7,19,7,1.39,0.269
シハイスミレ,29,19,21,8,1.53,0.276
シハイスミレ,28,22,19,9,1.27,0.321
シハイスミレ,31,22,21,10,1.41,0.323
シハイスミレ,32,19,23,9,1.68,0.281
シハイスミレ,34,18.7,25,9,1.82,0.265
シハイスミレ,39,22,30,9,1.77,0.231
シハイスミレ,25.1,15.1,15.2,9.9,1.66,0.394
シハイスミレ,31.9,19.2,22.1,9.8,1.66,0.307
シハイスミレ,32.7,17.5,23,9.7,1.87,0.297
シハイスミレ,33,17.5,24,9,1.89,0.273
シハイスミレ,43,21,33,10,2.05,0.233
シハイスミレ,30,16.9,22.9,7.1,1.78,0.237
シハイスミレ,30.6,17.9,19.8,10.8,1.71,0.353
シハイスミレ,35.1,21.8,25,10.1,1.61,0.288
シハイスミレ,36.1,18.2,25.1,11,1.98,0.305
シハイスミレ,37.2,18,27.1,10.1,2.07,0.272
シハイスミレ,40.1,23,29.1,11,1.74,0.274
シハイスミレ,41.5,23.1,33.1,8.4,1.8,0.202
シハイスミレ,44.2,23,30.2,14,1.92,0.317
シハイスミレ,42.8,24.8,33.9,8.9,1.73,0.208
シハイスミレ,18.8,12.9,13.2,5.6,1.46,0.298
シハイスミレ,26.9,16.5,18.7,8.2,1.63,0.305
シハイスミレ,35,20.3,23.8,11.2,1.72,0.32
シハイスミレ,35.2,19.9,25.1,10.1,1.77,0.287
シハイスミレ,37.7,23.8,25.7,12,1.58,0.318
シハイスミレ,19.8,11.5,16.6,3.2,1.72,0.162
シハイスミレ,22.8,14.1,16.7,6.1,1.62,0.268
シハイスミレ,23.7,12.6,19.8,3.9,1.88,0.165
シハイスミレ,23.8,13.7,18.1,5.7,1.74,0.239
シハイスミレ,24.6,17.1,16.8,7.8,1.44,0.317
シハイスミレ,24.1,14.9,17.9,6.2,1.62,0.257
シハイスミレ,26.2,13,16.8,9.4,2.02,0.359
シハイスミレ,28.9,19.2,24.7,4.2,1.51,0.145
シハイスミレ,35.4,17.3,27.1,8.3,2.05,0.234
シハイスミレ,39.3,18.8,32.2,7.1,2.09,0.181
シハイスミレ,18.8,14.7,14.2,4.6,1.28,0.245
シハイスミレ,24.2,14.4,19.6,4.6,1.68,0.19
シハイスミレ,24.9,14.1,19.4,5.5,1.77,0.221
シハイスミレ,26,11.8,21,5,2.2,0.192
シハイスミレ,26.9,17.9,21.3,5.6,1.5,0.208
シハイスミレ,27.4,16.5,21.8,5.6,1.66,0.204
シハイスミレ,27.4,15.7,22.6,4.8,1.75,0.175
シハイスミレ,30,17.1,26.4,3.6,1.75,0.12
シハイスミレ,28.7,16,23.8,4.9,1.79,0.171
シハイスミレ,31,15.6,24.2,6.8,1.99,0.219
シハイスミレ,32.8,16.9,27.3,5.5,1.94,0.168
シハイスミレ,48.3,24.2,38.7,9.6,2,0.199
シハイスミレ,22.4,10,18.2,4.2,2.24,0.188
シハイスミレ,28.2,14.9,22,6.2,1.89,0.22
シハイスミレ,33.6,19,26.3,7.3,1.77,0.217
シハイスミレ,35,20.9,24.8,10.2,1.67,0.291
シハイスミレ,40,21,31.1,8.9,1.9,0.223
シハイスミレ,22.9,15,19.2,3.7,1.53,0.162
シハイスミレ,28.1,17.2,22.4,5.7,1.63,0.203
シハイスミレ,30.4,17.6,24.7,5.7,1.73,0.188
シハイスミレ,31.4,21.3,23.9,7.5,1.47,0.239
シハイスミレ,33.6,17,27.4,6.2,1.98,0.185
シハイスミレ,34.8,16,28,6.8,2.18,0.195
シハイスミレ,36.7,20,30.8,5.9,1.84,0.161
シハイスミレ,35.8,20.3,27.9,7.9,1.76,0.221
シハイスミレ,41.7,18.8,33,8.7,2.22,0.209
シハイスミレ,37.5,18.2,28.2,9.3,2.06,0.248
シハイスミレ,42.2,21.9,33.4,8.8,1.93,0.209
シハイスミレ,41.8,23,30.5,11.3,1.82,0.27
シハイスミレ,43.5,21.4,33.5,10,2.03,0.23
シハイスミレ,46,26.9,32.8,13.2,1.71,0.287
シハイスミレ,46,23.7,36,10,1.94,0.217
シハイスミレ,50,26,37.8,12.2,1.92,0.244
シハイスミレ,55.8,25.3,42.1,13.7,2.21,0.246
シハイスミレ,53.5,29,36.8,16.7,1.84,0.312
シハイスミレ,27.3,16.5,18.3,9,1.65,0.33
シハイスミレ,26.8,16,18.5,8.3,1.68,0.31
シハイスミレ,29.8,15.4,22.1,7.7,1.94,0.258
シハイスミレ,30.3,19.2,19.8,10.5,1.58,0.347
シハイスミレ,31.9,18.3,23.4,8.5,1.74,0.266
シハイスミレ,32.9,20.9,23.1,9.8,1.57,0.298
シハイスミレ,32.7,19.2,23.8,8.9,1.7,0.272
シハイスミレ,34,20,24.6,9.4,1.7,0.276
シハイスミレ,33,16.6,23.5,9.5,1.99,0.288
シハイスミレ,36.1,17.2,26,10.1,2.1,0.28
シハイスミレ,36.3,21.2,23.1,13.2,1.71,0.364
シハイスミレ,37.5,22,27.7,9.8,1.7,0.261
シハイスミレ,40.4,20.2,28.1,12.3,2,0.304
シハイスミレ,41.2,20.7,29.2,12,1.99,0.291
シハイスミレ,40.9,22.6,30,10.9,1.81,0.267
シハイスミレ,41.5,21.2,30.5,11,1.96,0.265
シハイスミレ,44.5,21.1,30.4,14.1,2.11,0.317
シハイスミレ,42.7,21.4,28.1,14.6,2,0.342
シハイスミレ,44.4,22.1,33.8,10.6,2.01,0.239
シハイスミレ,43,23.8,27.6,15.4,1.81,0.358
シハイスミレ,42.1,23.3,30.5,11.6,1.81,0.276
シハイスミレ,46.8,22,33.3,13.5,2.13,0.288
シハイスミレ,46.8,23.1,34.2,12.6,2.03,0.269
シハイスミレ,46.3,22.3,36.3,10,2.08,0.216
シハイスミレ,47,22,37,10,2.14,0.213
シハイスミレ,47.2,26.3,33.8,13.4,1.79,0.284
シハイスミレ,48.4,23.7,36.4,12,2.04,0.248
シハイスミレ,50.2,27.9,35.1,15.1,1.8,0.301
シハイスミレ,53.5,26.8,37.7,15.8,2,0.295
シハイスミレ,51.9,24.4,41.2,10.7,2.13,0.206
シハイスミレ,58.3,29,40.5,17.8,2.01,0.305
シハイスミレ,62.3,32.8,43.8,18.5,1.9,0.297
シハイスミレ,29.4,18,22.3,7.1,1.63,0.241
シハイスミレ,35,20.9,25.6,9.4,1.67,0.269
シハイスミレ,37.2,18.7,28.2,9,1.99,0.242
シハイスミレ,36.9,21.1,29.2,7.7,1.75,0.209
シハイスミレ,39.3,22.3,29.9,9.4,1.76,0.239
シハイスミレ,40,22.4,30,10,1.79,0.25
シハイスミレ,39.1,21.1,29.3,9.8,1.85,0.251
シハイスミレ,40.1,17.9,32.4,7.7,2.24,0.192
シハイスミレ,39.1,22.4,31.4,7.7,1.75,0.197
シハイスミレ,40,21.5,32.5,7.5,1.86,0.188
シハイスミレ,41.6,22,32.9,8.7,1.89,0.209
シハイスミレ,41.7,21.3,33.3,8.4,1.96,0.201
シハイスミレ,43.9,23.9,33.9,10,1.84,0.228
シハイスミレ,42.1,24.6,33.9,8.2,1.71,0.195
シハイスミレ,45.8,25.6,34.5,11.3,1.79,0.247
シハイスミレ,42,23.3,32.1,9.9,1.8,0.236
シハイスミレ,45.8,27.8,33.3,12.5,1.65,0.273
シハイスミレ,44.7,25.1,32.8,11.9,1.78,0.266
シハイスミレ,45.1,23.5,35.9,9.2,1.92,0.204
シハイスミレ,46.9,22.9,38,8.9,2.05,0.19
シハイスミレ,52.1,27,38.8,13.3,1.93,0.255
シハイスミレ,53.8,27.7,41.8,12,1.94,0.223
シハイスミレ,53,24.2,39.8,13.2,2.19,0.249
シハイスミレ,58,30,45.1,12.9,1.93,0.222
シハイスミレ,31.1,18.7,23,8.1,1.66,0.26
シハイスミレ,37.9,24.6,27.1,10.8,1.54,0.285
シハイスミレ,42.7,24.4,32.4,10.3,1.75,0.241
シハイスミレ,43.6,21.1,36.6,7,2.07,0.161
シハイスミレ,43.1,27.2,31.1,12,1.58,0.278
シハイスミレ,42.8,29.3,29.8,13,1.46,0.304
シハイスミレ,51.8,20.9,42.5,9.3,2.48,0.18
シハイスミレ,49.1,28.2,38,11.1,1.74,0.226
シハイスミレ,48.8,24.9,38.9,9.9,1.96,0.203
シハイスミレ,54.8,26,42.5,12.3,2.11,0.224
シハイスミレ,51.4,28.6,41.6,9.8,1.8,0.191
シハイスミレ,54,25.3,40.2,13.8,2.13,0.256
シハイスミレ,55,23.9,44.3,10.7,2.3,0.195
シハイスミレ,53.7,33.3,40.5,13.2,1.61,0.246
シハイスミレ,57,29,46.2,10.8,1.97,0.189
シハイスミレ,61.3,27,48,13.3,2.27,0.217
シハイスミレ,59.2,32.7,46.2,13,1.81,0.22
シハイスミレ,63.9,37,46.2,17.7,1.73,0.277
シハイスミレ,24.9,14,20.5,4.4,1.78,0.177
シハイスミレ,26,16.1,20.2,5.8,1.61,0.223
シハイスミレ,26.8,15.3,19.8,7,1.75,0.261
シハイスミレ,27.4,17.6,20.4,7,1.56,0.255
シハイスミレ,29.7,15.7,25.6,4.1,1.89,0.138
シハイスミレ,36.9,21.1,30.9,6,1.75,0.163
シハイスミレ,36.2,17.2,30,6.2,2.1,0.171
シハイスミレ,39.1,19,30.9,8.2,2.06,0.21
シハイスミレ,27.4,19.2,22.1,5.3,1.43,0.193
シハイスミレ,37,34.9,23.7,13.3,1.06,0.359
シハイスミレ,35,19.3,28.9,6.1,1.81,0.174
シハイスミレ,38.8,22.4,30.2,8.6,1.73,0.222
シハイスミレ,50,22.6,39.5,10.5,2.21,0.21
シハイスミレ,26,16.9,17.1,8.9,1.54,0.342
シハイスミレ,28.5,16.5,19.1,9.4,1.73,0.33
シハイスミレ,33.8,21,24.8,9,1.61,0.266
シハイスミレ,35.3,18.4,27,8.3,1.92,0.235
シハイスミレ,33.2,19.6,24.8,8.4,1.69,0.253
シハイスミレ,38,23,30,8,1.65,0.211
シハイスミレ,40,20.6,31.2,8.8,1.94,0.22
シハイスミレ,40.8,24,33.9,6.9,1.7,0.169
シハイスミレ,43,18.3,32.9,10.1,2.35,0.235
シハイスミレ,45.1,24.7,37.2,7.9,1.83,0.175
シハイスミレ,50.2,22.5,37.1,13.1,2.23,0.261
シハイスミレ,49.3,24,40.2,9.1,2.05,0.185
シハイスミレ,50.3,28.8,37.4,12.9,1.75,0.256
シハイスミレ,47.2,26.9,33.5,13.7,1.75,0.29
シハイスミレ,47.8,30.7,37.5,10.3,1.56,0.215
シハイスミレ,50.1,23,36.1,14,2.18,0.279
シハイスミレ,48.2,23,37.8,10.4,2.1,0.216
シハイスミレ,51.5,26.5,38,13.5,1.94,0.262
シハイスミレ,48.7,25.2,40.1,8.6,1.93,0.177
シハイスミレ,49,24.6,38.1,10.9,1.99,0.222
シハイスミレ,54.5,24.8,44.7,9.8,2.2,0.18
シハイスミレ,52,22.6,39.9,12.1,2.3,0.233
シハイスミレ,56.9,24.8,46.7,10.2,2.29,0.179
シハイスミレ,57.5,25.3,44.3,13.2,2.27,0.23
シハイスミレ,58.7,33,50,8.7,1.78,0.148
シハイスミレ,59,29.6,42.2,16.8,1.99,0.285
シハイスミレ,65.8,30.5,50.9,14.9,2.16,0.226
シハイスミレ,64.9,28,47.9,17,2.32,0.262
シハイスミレ,36.5,19,25.2,11.3,1.92,0.31
シハイスミレ,38.2,19.5,26,12.2,1.96,0.319
シハイスミレ,40.1,21.4,27.7,12.4,1.87,0.309
シハイスミレ,36.8,22.1,23.6,13.2,1.67,0.359
シハイスミレ,40.4,20,27.8,12.6,2.02,0.312
シハイスミレ,42.4,19,30.4,12,2.23,0.283
シハイスミレ,29,19.1,18.8,10.2,1.52,0.352
シハイスミレ,32.2,15.1,23.2,9,2.13,0.28
シハイスミレ,35.3,14.9,23.3,12,2.37,0.34
シハイスミレ,37.2,18.8,26.9,10.3,1.98,0.277
シハイスミレ,37,18.4,26.8,10.2,2.01,0.276
シハイスミレ,36.5,21,25.1,11.4,1.74,0.312
シハイスミレ,34.8,17.3,26,8.8,2.01,0.253
シハイスミレ,34.5,19.7,24.8,9.7,1.75,0.281
シハイスミレ,36.1,19.3,26,10.1,1.87,0.28
シハイスミレ,35.8,19.5,32,3.8,1.84,0.106
シハイスミレ,37.9,20,27.8,10.1,1.9,0.266
シハイスミレ,39,20.5,30,9,1.9,0.231
シハイスミレ,36.5,15.5,30,6.5,2.35,0.178
シハイスミレ,37.5,18.7,29.5,8,2.01,0.213
シハイスミレ,40,20.5,26.8,13.2,1.95,0.33
シハイスミレ,41,19.5,31.3,9.7,2.1,0.237
シハイスミレ,43.2,24,31,12.2,1.8,0.282
シハイスミレ,43.6,20,32.7,10.9,2.18,0.25
シハイスミレ,42.8,23.8,31,11.8,1.8,0.276
シハイスミレ,42,24.5,32.5,9.5,1.71,0.226
シハイスミレ,43.3,21,32.2,11.1,2.06,0.256
シハイスミレ,47,26.5,31,16,1.77,0.34
シハイスミレ,46,23.6,33.5,12.5,1.95,0.272
シハイスミレ,45,23,35,10,1.96,0.222
シハイスミレ,45.8,20.7,35,10.8,2.21,0.236
シハイスミレ,43,24.8,32.4,10.6,1.73,0.247
シハイスミレ,53,25,41,21,2.12,0.396
シハイスミレ,57,26.9,45.5,11.5,2.12,0.202
シハイスミレ,30.7,20,24.8,5.9,1.54,0.192
シハイスミレ,34.8,23.7,24.6,10.2,1.47,0.293
シハイスミレ,32.5,22,24,8.5,1.48,0.262
シハイスミレ,35.5,18,27.2,8.3,1.97,0.234
シハイスミレ,39,19,29.8,9.2,2.05,0.236
シハイスミレ,41.2,19.7,30,11.2,2.09,0.272
シハイスミレ,44,23.9,34.2,9.8,1.84,0.223
シハイスミレ,43.9,26.8,30,13.9,1.64,0.317
シハイスミレ,40.5,22.5,31.6,8.9,1.8,0.22
シハイスミレ,44,22,33,11,2,0.25
シハイスミレ,33,19.8,25,8,1.67,0.242
シハイスミレ,34.9,20,23.8,11.1,1.75,0.318
シハイスミレ,20.5,13.2,13.3,7.2,1.55,0.351
シハイスミレ,23.4,11.6,18.2,5.2,2.02,0.222
シハイスミレ,25.2,12.7,18.1,7.1,1.98,0.282
シハイスミレ,25,13,18.5,6.5,1.92,0.26
シハイスミレ,30.1,16,22.9,7.2,1.88,0.239
シハイスミレ,30.6,13.1,24.8,5.8,2.34,0.19
シハイスミレ,32.3,18.8,24.5,7.8,1.72,0.241
シハイスミレ,33.8,18.5,28.7,5.1,1.83,0.151
シハイスミレ,34.9,16.5,24.5,10.4,2.12,0.298
シハイスミレ,40.3,16.4,35.1,5.2,2.46,0.129
シハイスミレ,45.8,13.1,38.8,7,3.5,0.153
シハイスミレ,33,17.1,24.2,8.8,1.93,0.267
シハイスミレ,32.9,19.1,24,8.9,1.72,0.271
シハイスミレ,33,17.1,24.6,8.4,1.93,0.255
シハイスミレ,32.8,17.9,22.1,10.7,1.83,0.326
シハイスミレ,32.9,18.5,23.3,9.6,1.78,0.292
シハイスミレ,34.2,16.9,24,10.2,2.02,0.298
シハイスミレ,38.5,19.5,28.4,10.1,1.97,0.262
シハイスミレ,39.8,18.9,29.7,10.1,2.11,0.254
シハイスミレ,41.8,19,29.1,12.7,2.2,0.304
シハイスミレ,47.3,24.1,38,9.3,1.96,0.197
シハイスミレ,57.9,21.5,47.1,10.8,2.69,0.187
シハイスミレ,18.3,11.2,13.7,4.6,1.63,0.251
シハイスミレ,22.9,11.5,16.8,6.1,1.99,0.266
シハイスミレ,23.8,14.1,19.9,3.9,1.69,0.164
シハイスミレ,23.6,13.6,18.2,5.4,1.74,0.229
シハイスミレ,28.1,14.8,20.6,7.5,1.9,0.267
シハイスミレ,29,15.2,21.1,7.9,1.91,0.272
シハイスミレ,37.3,20.9,28,9.3,1.78,0.249
シハイスミレ,26.7,14.2,22.1,4.6,1.88,0.172
シハイスミレ,28.1,14.8,18.5,9.6,1.9,0.342
シハイスミレ,29.4,14.4,20.9,8.5,2.04,0.289
シハイスミレ,28.8,16.1,21,7.8,1.79,0.271
シハイスミレ,29.3,14.3,22.8,6.5,2.05,0.222
シハイスミレ,32.2,15.1,23.1,9.1,2.13,0.283
シハイスミレ,35.7,17,24.9,10.8,2.1,0.303
シハイスミレ,37,17.4,28.9,8.1,2.13,0.219
シハイスミレ,38.3,17.2,27.1,11.2,2.23,0.292
シハイスミレ,39.6,29.5,36.2,3.4,1.34,0.086
シハイスミレ,29,16.1,19,10,1.8,0.345
シハイスミレ,31,15.1,21.8,9.2,2.05,0.297
シハイスミレ,31.4,18.5,22.1,9.3,1.7,0.296
シハイスミレ,38.3,16.1,30.7,7.6,2.38,0.198
シハイスミレ,32.1,13.8,24,8.1,2.33,0.252
シハイスミレ,33.4,16.4,24.9,8.5,2.04,0.254
シハイスミレ,33.8,15.5,27.8,6,2.18,0.178
シハイスミレ,33.7,16.2,23.7,10,2.08,0.297
シハイスミレ,34.9,14.3,27,7.9,2.44,0.226
シハイスミレ,35,17,28.5,6.5,2.06,0.186
シハイスミレ,35.8,15.7,27.1,8.7,2.28,0.243
シハイスミレ,35.9,18.1,25,10.9,1.98,0.304
シハイスミレ,37.2,15.1,28.5,8.7,2.46,0.234
シハイスミレ,40.2,23.1,28.8,11.4,1.74,0.284
シハイスミレ,44.6,20.1,33,11.6,2.22,0.26
シハイスミレ,35.5,19.1,26,9.5,1.86,0.268
シハイスミレ,38.4,19.2,29,9.4,2,0.245
シハイスミレ,38,21.1,26.2,11.8,1.8,0.311
シハイスミレ,41.8,18.5,29.8,12,2.26,0.287
シハイスミレ,43.5,19.2,33.9,9.6,2.27,0.221
シハイスミレ,45.5,19.8,31.5,14,2.3,0.308
シハイスミレ,47.9,30.1,34,13.9,1.59,0.29
シハイスミレ,28.5,15.7,21.4,7.1,1.82,0.249
シハイスミレ,29.8,14.6,24.1,5.7,2.04,0.191
シハイスミレ,29,16,21.2,7.8,1.81,0.269
シハイスミレ,34.7,16.3,27,7.7,2.13,0.222
シハイスミレ,36.9,17.1,29.8,7.1,2.16,0.192
シハイスミレ,40,22.6,34.6,5.4,1.77,0.135
シハイスミレ,42.7,17.3,32.5,10.2,2.47,0.239
シハイスミレ,43.2,18.4,33,10.2,2.35,0.236
シハイスミレ,46.1,18.3,36,10.1,2.52,0.219
シハイスミレ,24.1,16.3,19.2,4.9,1.48,0.203
シハイスミレ,24,13.1,14.8,9.2,1.83,0.383
シハイスミレ,27.6,15.8,20.5,7.1,1.75,0.257
シハイスミレ,30,20.1,22,8,1.49,0.267
シハイスミレ,30.8,16,22.8,8,1.93,0.26
シハイスミレ,32.8,17.6,22.8,10,1.86,0.305
シハイスミレ,34.7,20,24.6,10.1,1.74,0.291
シハイスミレ,36.5,21.3,28.2,8.3,1.71,0.227
シハイスミレ,39,16.3,33.3,5.7,2.39,0.146
シハイスミレ,41,21.3,32.2,8.8,1.92,0.215
シハイスミレ,42.3,34.5,32.4,9.9,1.23,0.234
シハイスミレ,26,14,19,7,1.86,0.269
シハイスミレ,26.8,17.9,19,7.8,1.5,0.291
シハイスミレ,29.1,16.2,20.1,9,1.8,0.309
シハイスミレ,31.1,17,22.2,8.9,1.83,0.286
シハイスミレ,33.8,16.5,25.8,8,2.05,0.237
シハイスミレ,33.4,18.8,24.4,9,1.78,0.269
シハイスミレ,44.7,26.9,31,13.7,1.66,0.306
シハイスミレ,47.8,26.9,35.8,12,1.78,0.251
シハイスミレ,47,27.3,30,17,1.72,0.362
シハイスミレ,51.3,28.8,35.7,15.6,1.78,0.304
シハイスミレ,49.2,26.3,36.5,12.7,1.87,0.258
シハイスミレ,51.9,26.5,40.7,11.2,1.96,0.216
シハイスミレ,55.4,24.8,43.5,11.9,2.23,0.215
シハイスミレ,59,34.3,43.7,15.3,1.72,0.259
シハイスミレ,62.8,34,48.9,13.9,1.85,0.221
シハイスミレ,64.5,35,45.5,19,1.84,0.295
シハイスミレ,65.5,37.2,50,15.5,1.76,0.237
シハイスミレ,26.6,16,19.4,7.2,1.66,0.271
シハイスミレ,29,16.9,23,6,1.72,0.207
シハイスミレ,29.1,18.1,20.8,8.3,1.61,0.285
シハイスミレ,34,20.8,22,12,1.63,0.353
シハイスミレ,36.6,22.5,26.9,9.7,1.63,0.265
シハイスミレ,39.8,16,30.8,9,2.49,0.226
シハイスミレ,40.4,25,32.5,7.9,1.62,0.196
シハイスミレ,45.9,20.7,36.1,9.8,2.22,0.214
シハイスミレ,47.2,22.8,35.1,12.1,2.07,0.256
シハイスミレ,51.4,25.2,44.1,7.3,2.04,0.142
シハイスミレ,30.7,13.5,24,6.7,2.27,0.218
シハイスミレ,28.1,16.6,21.1,7,1.69,0.249
シハイスミレ,30.6,18.1,22.6,8,1.69,0.261
シハイスミレ,33.4,15.9,22.2,11.2,2.1,0.335
シハイスミレ,36.1,18.2,28.2,7.9,1.98,0.219
シハイスミレ,43,24.5,32.1,10.9,1.76,0.253
シハイスミレ,20.6,12.9,16.8,3.8,1.6,0.184
シハイスミレ,24.2,12,21.2,3,2.02,0.124
シハイスミレ,23.9,13.1,21.1,2.8,1.82,0.117
シハイスミレ,22.9,16,18.7,4.2,1.43,0.183
シハイスミレ,23.1,14.4,16.1,7,1.6,0.303
シハイスミレ,25.1,17.2,19.1,6,1.46,0.239
シハイスミレ,28.1,19,21.8,6.3,1.48,0.224
シハイスミレ,32.3,19.9,24.8,7.5,1.62,0.232
シハイスミレ,39,28.7,31.9,7.1,1.36,0.182
シハイスミレ,28.2,17.7,20,8.2,1.59,0.291
シハイスミレ,31.9,17,21.2,10.7,1.88,0.335
シハイスミレ,32.2,15.7,26.7,5.5,2.05,0.171
シハイスミレ,28.9,22.5,20.2,8.7,1.28,0.301
シハイスミレ,31,19,22.9,8.1,1.63,0.261
シハイスミレ,33.7,19.9,26.2,7.5,1.69,0.223
シハイスミレ,40.5,21,32,8.5,1.93,0.21
シハイスミレ,40.8,23.9,32.5,8.3,1.71,0.203
シハイスミレ,43.7,22.4,31.2,12.5,1.95,0.286
シハイスミレ,51.2,30,43.2,8,1.71,0.156
シハイスミレ,64.6,24.2,50.9,13.7,2.67,0.212
シハイスミレ,20,15.7,15.3,4.7,1.27,0.235
シハイスミレ,24.9,13.6,22,2.9,1.83,0.116
シハイスミレ,24.5,16.7,20.8,3.7,1.47,0.151
シハイスミレ,30,24,26.4,3.6,1.25,0.12
シハイスミレ,30.3,22.1,25.4,4.9,1.37,0.162
シハイスミレ,33.4,19.6,28.2,5.2,1.7,0.156
シハイスミレ,36.7,19.7,25.3,11.4,1.86,0.311
シハイスミレ,43.8,22.1,32,11.8,1.98,0.269
シハイスミレ,46,23,35.2,10.8,2,0.235
シハイスミレ,49.5,25.2,38.6,10.9,1.96,0.22
シハイスミレ,46.4,29.1,33.9,12.5,1.59,0.269
シハイスミレ,46.8,31,33.1,13.7,1.51,0.293
シハイスミレ,48.3,25.1,38.6,9.7,1.92,0.201
シハイスミレ,52.9,28,45.6,7.3,1.89,0.138
シハイスミレ,23.1,13.1,16.2,6.9,1.76,0.299
シハイスミレ,20,19.1,12.9,7.1,1.05,0.355
シハイスミレ,27.6,17.2,20.3,7.3,1.6,0.264
シハイスミレ,24.1,17.9,17.6,6.5,1.35,0.27
シハイスミレ,29,16.7,23,6,1.74,0.207
シハイスミレ,28.9,19.1,21.8,7.1,1.51,0.246
シハイスミレ,35.8,19.3,26.1,9.7,1.85,0.271
シハイスミレ,32.7,19.1,25.7,7,1.71,0.214
シハイスミレ,35.1,20.8,27.2,7.9,1.69,0.225
シハイスミレ,35.7,20.1,27.2,8.5,1.78,0.238
シハイスミレ,37.8,24.7,27,10.8,1.53,0.286
シハイスミレ,42.9,25.1,31,11.9,1.71,0.277
シハイスミレ,45.6,25.4,33.8,11.8,1.8,0.259
シハイスミレ,44.7,29.7,34.5,10.2,1.51,0.228
シハイスミレ,47.5,29.1,33.5,14,1.63,0.295
シハイスミレ,38.8,23.9,26,12.8,1.62,0.33
シハイスミレ,44.9,24.8,30.9,14,1.81,0.312
シハイスミレ,44.4,25.1,33.8,10.6,1.77,0.239
シハイスミレ,47.9,25.2,35.9,12,1.9,0.251
シハイスミレ,51.9,32.4,35.9,16,1.6,0.308
シハイスミレ,55.2,34.6,39.9,15.3,1.6,0.277
シハイスミレ,64.6,37.9,46.2,18.4,1.7,0.285
シハイスミレ,28.7,18.7,22.3,6.4,1.53,0.223
シハイスミレ,37.9,22.6,28.2,9.7,1.68,0.256
シハイスミレ,37.4,21.5,25.7,11.7,1.74,0.313
シハイスミレ,37.9,16.5,30.8,7.1,2.3,0.187
シハイスミレ,44,15.9,34.6,9.4,2.77,0.214
シハイスミレ,42.7,17.1,32.4,10.3,2.5,0.241
シハイスミレ,47.3,19.7,36.6,10.7,2.4,0.226
シハイスミレ,26.7,12.8,21.1,5.6,2.09,0.21
シハイスミレ,37.2,22.8,28,9.2,1.63,0.247
シハイスミレ,39.4,24.2,29,10.4,1.63,0.264
シハイスミレ,48.6,19.7,40.4,8.2,2.47,0.169
シハイスミレ,53.8,28.4,39,14.8,1.89,0.275
シハイスミレ,23.5,16.7,18,5.5,1.41,0.234
シハイスミレ,33.4,20.9,28.6,4.8,1.6,0.144
シハイスミレ,38.9,21.5,29,9.9,1.81,0.254
シハイスミレ,42,25.7,32.5,9.5,1.63,0.226
シハイスミレ,28.5,22,18.7,9.8,1.3,0.344
シハイスミレ,30.1,16.8,22,8.1,1.79,0.269
シハイスミレ,33.5,17.1,26.1,7.4,1.96,0.221
シハイスミレ,36.5,18,30,6.5,2.03,0.178
シハイスミレ,36.5,21.9,29.4,7.1,1.67,0.195
シハイスミレ,41.5,21.9,31.8,9.7,1.89,0.234
シハイスミレ,45,31.7,31.6,13.4,1.42,0.298
シハイスミレ,54.7,24.6,43.9,10.8,2.22,0.197
シハイスミレ,27.9,16.6,20.5,7.4,1.68,0.265
シハイスミレ,41.2,29.2,30.1,11.1,1.41,0.269
シハイスミレ,32.6,26.1,23.5,9.1,1.25,0.279
シハイスミレ,34.1,19.9,24.7,9.4,1.71,0.276
シハイスミレ,37.5,18.4,27.9,9.6,2.04,0.256
シハイスミレ,37,25.8,24.2,12.8,1.43,0.346
シハイスミレ,40.9,18,30.9,10,2.27,0.244
シハイスミレ,40.5,26.6,30.5,10,1.52,0.247
シハイスミレ,47.1,26.2,32.6,14.5,1.8,0.308
シハイスミレ,23.2,16.3,17.1,6.1,1.42,0.263
シハイスミレ,24.8,16.2,17.9,6.9,1.53,0.278
シハイスミレ,23.1,15.8,17.7,5.4,1.46,0.234
シハイスミレ,24.5,17.9,15.3,9.2,1.37,0.376
シハイスミレ,24.5,17.5,15.6,8.9,1.4,0.363
シハイスミレ,26.8,18.4,21,5.8,1.46,0.216
シハイスミレ,25.6,18.4,20.1,5.5,1.39,0.215
シハイスミレ,23,17,16.5,6.5,1.35,0.283
シハイスミレ,28.9,21.5,21.4,7.5,1.34,0.26
シハイスミレ,26.3,17.2,19.1,7.2,1.53,0.274
シハイスミレ,29.8,18.6,22.4,7.4,1.6,0.248
シハイスミレ,32,20.2,22.5,9.5,1.58,0.297
シハイスミレ,33.4,26.1,21.6,11.8,1.28,0.353
シハイスミレ,35.2,19.1,29.1,6.1,1.84,0.173
シハイスミレ,34.8,19.1,26.2,8.6,1.82,0.247
シハイスミレ,36.9,23.1,26.1,10.8,1.6,0.293
シハイスミレ,40.9,20,31.7,9.2,2.05,0.225
シハイスミレ,45,27.5,32.8,12.2,1.64,0.271
シハイスミレ,46.4,25,33.1,13.3,1.86,0.287
シハイスミレ,48.5,23.1,33.8,14.7,2.1,0.303
シハイスミレ,54.9,29.6,42.7,12.2,1.85,0.222
シハイスミレ,63.4,29.7,47,16.4,2.13,0.259
シハイスミレ,21.9,20.1,13.2,8.7,1.09,0.397
シハイスミレ,24.7,19,16,8.7,1.3,0.352
シハイスミレ,24.6,18.1,16.3,8.3,1.36,0.337
シハイスミレ,26,15,19.7,6.3,1.73,0.242
シハイスミレ,26.2,15.8,19,7.2,1.66,0.275
シハイスミレ,25.5,18.1,17.4,8.1,1.41,0.318
シハイスミレ,27,21.2,18,9,1.27,0.333
シハイスミレ,28.8,18.5,20.2,8.6,1.56,0.299
シハイスミレ,29.8,16.3,21.5,8.3,1.83,0.279
シハイスミレ,31.6,20.1,21,10.6,1.57,0.335
シハイスミレ,28,22.6,19.9,8.1,1.24,0.289
シハイスミレ,43.7,24.1,31.2,12.5,1.81,0.286
シハイスミレ,28.3,19.5,18.3,10,1.45,0.353
シハイスミレ,27.5,17.9,19.7,7.8,1.54,0.284
シハイスミレ,29.5,18.7,21.1,8.4,1.58,0.285
シハイスミレ,30.6,19.1,19.2,11.4,1.6,0.373
シハイスミレ,32.9,28.7,22.3,10.6,1.15,0.322
シハイスミレ,32.6,19.2,24.8,7.8,1.7,0.239
シハイスミレ,35.4,19.1,25.1,10.3,1.85,0.291
シハイスミレ,36.8,28,24.3,12.5,1.31,0.34
シハイスミレ,36.1,21,22.5,13.6,1.72,0.377
シハイスミレ,37.9,25.1,25.4,12.5,1.51,0.33
シハイスミレ,49.1,24.3,37.4,11.7,2.02,0.238
シハイスミレ,51.2,28.1,36.8,14.4,1.82,0.281
シハイスミレ,15.3,14.7,10.1,5.2,1.04,0.34
シハイスミレ,19.7,14,16,3.7,1.41,0.188
シハイスミレ,22.1,17.6,15.4,6.7,1.26,0.303
シハイスミレ,21.4,19.4,15.4,6,1.1,0.28
シハイスミレ,30.8,19.7,21.7,9.1,1.56,0.295
シハイスミレ,30.3,24.1,20.4,9.9,1.26,0.327
シハイスミレ,28,17.6,20.8,7.2,1.59,0.257
シハイスミレ,33.7,21.2,24.4,9.3,1.59,0.276
シハイスミレ,36.1,21.8,28.7,7.4,1.66,0.205
シハイスミレ,21.5,10.4,14.2,7.3,2.07,0.34
シハイスミレ,21.3,14.3,13.1,8.2,1.49,0.385
シハイスミレ,23.9,13.3,21,2.9,1.8,0.121
シハイスミレ,22,16.5,14,8,1.33,0.364
シハイスミレ,24.6,15,18.5,6.1,1.64,0.248
シハイスミレ,22.6,19.3,15.9,6.7,1.17,0.296
シハイスミレ,30.2,19.6,20.9,9.3,1.54,0.308
シハイスミレ,29.8,20.1,20.3,9.5,1.48,0.319
シハイスミレ,30.5,20,22.3,8.2,1.53,0.269
シハイスミレ,32,22,22.3,9.7,1.45,0.303
シハイスミレ,34.9,21.9,25.6,9.3,1.59,0.266
シハイスミレ,31.7,22.7,21.8,9.9,1.4,0.312
シハイスミレ,33.5,24.1,25,8.5,1.39,0.254
シハイスミレ,37.7,22.1,25.8,11.9,1.71,0.316
シハイスミレ,36,25,23.2,12.8,1.44,0.356
シハイスミレ,29.5,21.1,19.2,10.3,1.4,0.349
シハイスミレ,37.5,22.9,27,10.5,1.64,0.28
シハイスミレ,22,15.9,17,5,1.38,0.227
シハイスミレ,25,15.4,18,7,1.62,0.28
シハイスミレ,25,16.8,18,7,1.49,0.28
シハイスミレ,26.5,13.1,19.5,7,2.02,0.264
シハイスミレ,24,14.1,17,7,1.7,0.292
シハイスミレ,27,13.4,19,8,2.01,0.296
シハイスミレ,30,17,19.8,10.2,1.76,0.34
シハイスミレ,32.9,17.7,23.5,9.4,1.86,0.286
シハイスミレ,52.5,23,35,17.5,2.28,0.333
シハイスミレ,25,15,18.8,6.2,1.67,0.248
シハイスミレ,28.4,16,19.7,8.7,1.78,0.306
シハイスミレ,27.5,13.2,20.7,6.8,2.08,0.247
シハイスミレ,26.9,20,18.7,8.2,1.35,0.305
シハイスミレ,26.9,19.8,17.3,9.6,1.36,0.357
シハイスミレ,28.8,19.2,20,8.8,1.5,0.306
シハイスミレ,32.3,20.9,24.3,8,1.55,0.248
シハイスミレ,31,15.4,24.7,6.3,2.01,0.203
シハイスミレ,36.1,20.3,27.2,8.9,1.78,0.247
シハイスミレ,36.7,19.8,28.2,8.5,1.85,0.232
シハイスミレ,36.1,23.4,27.3,8.8,1.54,0.244
シハイスミレ,41.3,25.2,29.2,12.1,1.64,0.293
シハイスミレ,19.8,19.2,14.1,5.7,1.03,0.288
シハイスミレ,24,18.2,19.9,4.1,1.32,0.171
シハイスミレ,26.2,16.7,20.3,5.9,1.57,0.225
シハイスミレ,23.6,19.4,18.7,4.9,1.22,0.208
シハイスミレ,27.4,17.1,21.8,5.6,1.6,0.204
シハイスミレ,25.2,14.1,21,4.2,1.79,0.167
シハイスミレ,30.3,17.8,23.1,7.2,1.7,0.238
シハイスミレ,30,22,21.8,8.2,1.36,0.273
シハイスミレ,23.8,19.5,17.3,6.5,1.22,0.273
シハイスミレ,24.5,18.6,15.1,9.4,1.32,0.384
シハイスミレ,20.2,20.8,11.3,8.9,0.97,0.441
シハイスミレ,26.4,16.3,19.1,7.3,1.62,0.277
シハイスミレ,23.6,16.2,17.5,6.1,1.46,0.258
シハイスミレ,27.8,11.7,19.3,8.5,2.38,0.306
シハイスミレ,28.5,19.2,23.4,5.1,1.48,0.179
シハイスミレ,28.6,13.6,18.6,10,2.1,0.35
シハイスミレ,27,14.9,19,8,1.81,0.296
シハイスミレ,25.6,15,17.5,8.1,1.71,0.316
シハイスミレ,26.5,16.4,20.8,5.7,1.62,0.215
シハイスミレ,26.4,18.9,19,7.4,1.4,0.28
シハイスミレ,29.9,23,23.8,6.1,1.3,0.204
シハイスミレ,31.9,23.9,23.2,8.7,1.33,0.273
シハイスミレ,30.1,21.3,24.5,5.6,1.41,0.186
シハイスミレ,34.8,22.2,25.9,8.9,1.57,0.256
シハイスミレ,35.7,18.7,23.1,12.6,1.91,0.353
シハイスミレ,35.5,21.1,21.2,14.3,1.68,0.403
シハイスミレ,38.2,22.7,23,15.2,1.68,0.398
シハイスミレ,25.8,15,20.1,5.7,1.72,0.221
シハイスミレ,32.5,19.3,21.6,10.9,1.68,0.335
シハイスミレ,31,20,20.7,10.3,1.55,0.332
シハイスミレ,33.1,21,26.5,6.6,1.58,0.199
シハイスミレ,37,22.2,29,8,1.67,0.216
シハイスミレ,38.5,21.2,29.4,9.1,1.82,0.236
シハイスミレ,39.7,26.3,27.2,12.5,1.51,0.315
シハイスミレ,41.8,26,30.6,11.2,1.61,0.268
シハイスミレ,43.5,23.5,27.3,16.2,1.85,0.372
シハイスミレ,27.6,17,21.8,5.8,1.62,0.21
シハイスミレ,28.5,17,23.8,4.7,1.68,0.165
シハイスミレ,33.3,19.3,24.8,8.5,1.73,0.255
シハイスミレ,40.5,22.2,32.6,7.9,1.82,0.195
シハイスミレ,38.3,19.8,27.6,10.7,1.93,0.279
シハイスミレ,39.4,22,31.8,7.6,1.79,0.193
シハイスミレ,40.1,19.8,33.4,6.7,2.03,0.167
シハイスミレ,40,23.1,33.7,6.3,1.73,0.158
シハイスミレ,44.2,20.1,35.6,8.6,2.2,0.195
シハイスミレ,44.2,19.8,33.8,10.4,2.23,0.235
シハイスミレ,45.8,20.8,34.9,10.9,2.2,0.238
シハイスミレ,47.8,28.9,35.5,12.3,1.65,0.257
シハイスミレ,52.9,23.8,41.6,11.3,2.22,0.214
シハイスミレ,41,18,28,13,2.28,0.317
シハイスミレ,38.2,22.1,25.4,12.8,1.73,0.335
シハイスミレ,41.5,21.4,33,8.5,1.94,0.205
シハイスミレ,39.7,25.4,29,10.7,1.56,0.27
シハイスミレ,42,23.6,31.5,10.5,1.78,0.25
シハイスミレ,48,23.8,37.6,10.4,2.02,0.217
シハイスミレ,47.8,25.3,35.8,12,1.89,0.251
シハイスミレ,47.6,25.2,37,10.6,1.89,0.223
シハイスミレ,52.1,25.6,38.8,13.3,2.04,0.255
シハイスミレ,55.8,27.3,41.1,14.7,2.04,0.263
シハイスミレ,53.8,28.7,41.5,12.3,1.87,0.229
シハイスミレ,59.3,29,46.6,12.7,2.04,0.214
シハイスミレ,63.3,33.4,48.7,14.6,1.9,0.231
シハイスミレ,34.4,36.4,25.9,8.5,0.95,0.247
シハイスミレ,37.5,25.8,23.3,14.2,1.45,0.379
シハイスミレ,35.3,21.3,25.6,9.7,1.66,0.275
シハイスミレ,35,21.4,26.6,8.4,1.64,0.24
シハイスミレ,37.4,24.3,24.8,12.6,1.54,0.337
シハイスミレ,40.9,26.3,27.9,13,1.56,0.318
シハイスミレ,43.9,26.7,32.9,11,1.64,0.251
シハイスミレ,43.9,24.9,34.4,9.5,1.76,0.216
シハイスミレ,42.9,31.4,27.9,15,1.37,0.35
シハイスミレ,42.2,21.1,33.2,9,2,0.213
シハイスミレ,49,23.1,35.9,13.1,2.12,0.267
シハイスミレ,48.3,27.9,35,13.3,1.73,0.275
シハイスミレ,60.2,31.2,43.8,16.4,1.93,0.272
シハイスミレ,61.4,40.8,45.1,16.3,1.5,0.265
シハイスミレ,63,34.5,45,18,1.83,0.286
シハイスミレ,33.9,23.9,25.1,8.8,1.42,0.26
シハイスミレ,36.4,21.3,27.3,9.1,1.71,0.25
シハイスミレ,37.1,21.6,27.5,9.6,1.72,0.259
シハイスミレ,39.9,22,28.9,11,1.81,0.276
シハイスミレ,39.3,25.5,27.8,11.5,1.54,0.293
シハイスミレ,38.1,22.9,28.4,9.7,1.66,0.255
シハイスミレ,40.6,23,28.3,12.3,1.77,0.303
シハイスミレ,51.1,28.7,38.5,12.6,1.78,0.247
シハイスミレ,49.1,26.8,34.8,14.3,1.83,0.291
シハイスミレ,48.4,28,36.7,11.7,1.73,0.242
シハイスミレ,50.4,26.5,36,14.4,1.9,0.286
シハイスミレ,47.7,24.7,32.7,15,1.93,0.314
シハイスミレ,51.3,25.6,37.3,14,2,0.273
シハイスミレ,50.6,33.1,37.3,13.3,1.53,0.263
シハイスミレ,51.9,26.4,42.8,9.1,1.97,0.175
シハイスミレ,56.9,35.8,39.9,17,1.59,0.299
シハイスミレ,61,34.1,45.2,15.8,1.79,0.259
シハイスミレ,59,27.8,41.3,17.7,2.12,0.3
シハイスミレ,73.8,35,49.9,23.9,2.11,0.324
シハイスミレ,30.4,17.2,21.6,8.8,1.77,0.289
シハイスミレ,38.3,18,27.5,10.8,2.13,0.282
シハイスミレ,37.6,23.3,27.2,10.4,1.61,0.277
シハイスミレ,40.4,30.5,31.5,8.9,1.32,0.22
シハイスミレ,41.7,20.4,31.7,10,2.04,0.24
シハイスミレ,44.4,25.7,32.6,11.8,1.73,0.266
シハイスミレ,51.3,30.8,37.9,13.4,1.67,0.261
シハイスミレ,51.2,25.8,36.9,14.3,1.98,0.279
シハイスミレ,29.7,23.5,17.6,12.1,1.26,0.407
シハイスミレ,37.8,20.9,30.9,6.9,1.81,0.183
シハイスミレ,38.1,24,25.3,12.8,1.59,0.336
シハイスミレ,36.4,20.3,26,10.4,1.79,0.286
シハイスミレ,41,26.3,29.9,11.1,1.56,0.271
シハイスミレ,36.8,25.1,31.1,5.7,1.47,0.155
シハイスミレ,44,25.4,34.5,9.5,1.73,0.216
シハイスミレ,45.2,25.1,34,11.2,1.8,0.248
シハイスミレ,44.3,28.3,34.1,10.2,1.57,0.23
シハイスミレ,50.4,27.3,38,12.4,1.85,0.246
シハイスミレ,66.3,48.2,55.9,10.4,1.38,0.157
シハイスミレ,25.8,17.9,16.9,8.9,1.44,0.345
シハイスミレ,28.2,19.8,21.1,7.1,1.42,0.252
シハイスミレ,30,19.5,21.5,8.5,1.54,0.283
シハイスミレ,33.6,20.9,26.6,7,1.61,0.208
シハイスミレ,37.1,20,29.3,7.8,1.86,0.21
シハイスミレ,39.8,25.7,28.6,11.2,1.55,0.281
シハイスミレ,46.7,24.4,34.1,12.6,1.91,0.27
シハイスミレ,52.7,29,39.8,12.9,1.82,0.245
シハイスミレ,57.1,30.1,40.8,16.3,1.9,0.285
シハイスミレ,34.8,18.4,26.6,8.2,1.89,0.236
シハイスミレ,34,20,23.2,10.8,1.7,0.318
シハイスミレ,41.8,25.6,31,10.8,1.63,0.258
シハイスミレ,42.1,21.1,33.4,8.7,2,0.207
シハイスミレ,43.9,26.6,32.5,11.4,1.65,0.26
シハイスミレ,43.1,23.8,33.4,9.7,1.81,0.225
シハイスミレ,42.2,30,31.9,10.3,1.41,0.244
シハイスミレ,42.6,30.2,34.5,8.1,1.41,0.19
シハイスミレ,44.8,22.3,35.2,9.6,2.01,0.214
シハイスミレ,45,27.3,35.4,9.6,1.65,0.213
シハイスミレ,48,31.2,36.6,11.4,1.54,0.238
シハイスミレ,43.2,29.4,34.2,9,1.47,0.208
シハイスミレ,46,25.2,36.5,9.5,1.83,0.207
シハイスミレ,53.3,29.4,38.7,14.6,1.81,0.274
シハイスミレ,54.1,34.8,39,15.1,1.55,0.279
シハイスミレ,56.7,39.1,40.3,16.4,1.45,0.289
シハイスミレ,55.4,27.3,40.6,14.8,2.03,0.267
シハイスミレ,58.9,31.1,39.2,19.7,1.89,0.334
シハイスミレ,58.6,35.3,40.1,18.5,1.66,0.316
シハイスミレ,64,38.6,46.9,17.1,1.66,0.267
シハイスミレ,24.7,15.6,17.5,7.2,1.58,0.291
シハイスミレ,30.2,19.5,20.1,10.1,1.55,0.334
シハイスミレ,33.1,22.8,25.2,7.9,1.45,0.239
シハイスミレ,36.6,26.5,29.4,7.2,1.38,0.197
シハイスミレ,45.5,27.4,34.4,11.1,1.66,0.244
シハイスミレ,46,26.4,36.3,9.7,1.74,0.211
シハイスミレ,49.9,31.3,40.4,9.5,1.59,0.19
シハイスミレ,39.1,25.9,29.3,9.8,1.51,0.251
シハイスミレ,36.3,30.5,25,11.3,1.19,0.311
シハイスミレ,38.9,23.4,28,10.9,1.66,0.28
シハイスミレ,42.5,27.5,31.4,11.1,1.55,0.261
シハイスミレ,44.3,25,31.7,12.6,1.77,0.284
シハイスミレ,46.8,25.8,36.8,10,1.81,0.214
シハイスミレ,42.9,23.7,33.1,9.8,1.81,0.228
シハイスミレ,45.6,24.4,34.2,11.4,1.87,0.25
シハイスミレ,50.4,32.7,41,9.4,1.54,0.187
シハイスミレ,51.1,30.2,36.1,15,1.69,0.294
シハイスミレ,45.9,32.3,33.1,12.8,1.42,0.279
シハイスミレ,50.2,31.8,38.6,11.6,1.58,0.231
シハイスミレ,51.3,26.3,40.1,11.2,1.95,0.218
シハイスミレ,52.9,30.3,42.3,10.6,1.75,0.2
シハイスミレ,53.8,27.1,37.7,16.1,1.99,0.299
シハイスミレ,55.2,32.7,45.3,9.9,1.69,0.179
シハイスミレ,54.3,30.6,42.7,11.6,1.77,0.214
シハイスミレ,60.4,27.6,47,13.4,2.19,0.222
シハイスミレ,71.8,36.4,50.6,21.2,1.97,0.295
シハイスミレ,68.7,35.6,53.9,14.8,1.93,0.215
シハイスミレ,65.6,41.4,51,14.6,1.58,0.223
シハイスミレ,37,20,26.5,10.5,1.85,0.284
シハイスミレ,36.4,24.5,27.2,9.2,1.49,0.253
シハイスミレ,39.2,21.5,28.2,11,1.82,0.281
シハイスミレ,39.6,20.3,29.9,9.7,1.95,0.245
シハイスミレ,42.8,21,34.6,8.2,2.04,0.192
シハイスミレ,44,21.1,32.7,11.3,2.09,0.257
シハイスミレ,44.9,22.7,32.2,12.7,1.98,0.283
シハイスミレ,47.4,25.6,36.5,10.9,1.85,0.23
シハイスミレ,50.9,26.1,38.5,12.4,1.95,0.244
シハイスミレ,39.6,27.1,28.7,10.9,1.46,0.275
シハイスミレ,41.3,23.6,31.6,9.7,1.75,0.235
シハイスミレ,49.4,33.2,38.8,10.6,1.49,0.215
シハイスミレ,51.7,27.1,38,13.7,1.91,0.265
シハイスミレ,52.4,32.1,41.9,10.5,1.63,0.2
シハイスミレ,56.7,33.5,44.5,12.2,1.69,0.215
シハイスミレ,61.2,36.1,45.1,16.1,1.7,0.263
シハイスミレ,62,33.9,48.5,13.5,1.83,0.218
シハイスミレ,66.9,41.1,50,16.9,1.63,0.253
シハイスミレ,71.9,34.9,57,14.9,2.06,0.207
シハイスミレ,71,42.4,54.8,16.2,1.67,0.228
シハイスミレ,72.3,43.3,56,16.3,1.67,0.225
シハイスミレ,85.8,42.9,68,17.8,2,0.207
シハイスミレ,26.1,19.1,21.1,5,1.37,0.192
シハイスミレ,32.3,27.6,26.6,5.7,1.17,0.176
シハイスミレ,36.6,19.9,29.2,7.4,1.84,0.202
シハイスミレ,36.2,22,27.2,9,1.65,0.249
シハイスミレ,38.3,22.3,30.8,7.5,1.72,0.196
シハイスミレ,37.1,20.2,27.2,9.9,1.84,0.267
シハイスミレ,41.2,23.1,34.8,6.4,1.78,0.155
シハイスミレ,41.2,31.1,32.7,8.5,1.32,0.206
シハイスミレ,41.3,27.7,33,8.3,1.49,0.201
シハイスミレ,49.3,27.8,40,9.3,1.77,0.189
シハイスミレ,57.9,39.9,46,11.9,1.45,0.206
シハイスミレ,34.2,20.1,25.1,9.1,1.7,0.266
シハイスミレ,33.5,17.2,24.6,8.9,1.95,0.266
シハイスミレ,34.3,19.9,28.3,6,1.72,0.175
シハイスミレ,36.9,23.6,26.7,10.2,1.56,0.276
シハイスミレ,37.6,20.3,27.5,10.1,1.85,0.269
シハイスミレ,37.7,24.2,26.9,10.8,1.56,0.286
シハイスミレ,40.1,30.3,29,11.1,1.32,0.277
シハイスミレ,38.9,21.2,29.3,9.6,1.83,0.247
シハイスミレ,41.4,22.2,29.2,12.2,1.86,0.295
シハイスミレ,28.3,21.9,18.3,10,1.29,0.353
シハイスミレ,30.8,20.7,20.7,10.1,1.49,0.328
シハイスミレ,33.5,22.2,23.7,9.8,1.51,0.293
シハイスミレ,32.6,22.1,22.5,10.1,1.48,0.31
シハイスミレ,34,21.9,22.5,11.5,1.55,0.338
シハイスミレ,36.2,20.6,25.8,10.4,1.76,0.287
シハイスミレ,41.6,21.5,31.8,9.8,1.93,0.236
シハイスミレ,43.1,25,32.7,10.4,1.72,0.241
シハイスミレ,44.9,24.1,33.7,11.2,1.86,0.249
シハイスミレ,43.9,25.5,30.7,13.2,1.72,0.301
シハイスミレ,45.2,28,37.4,7.8,1.61,0.173
シハイスミレ,51.4,26.1,45.1,6.3,1.97,0.123
シハイスミレ,43,32,30.6,12.4,1.34,0.288
シハイスミレ,42,31,30.8,11.2,1.35,0.267
シハイスミレ,56.2,32.3,43.3,12.9,1.74,0.23
シハイスミレ,50.7,32.3,37.9,12.8,1.57,0.252
シハイスミレ,38.3,25.1,27.4,10.9,1.53,0.285
シハイスミレ,46,27.1,32.4,13.6,1.7,0.296
シハイスミレ,42.5,27.9,32.3,10.2,1.52,0.24
シハイスミレ,54.5,35.6,43,11.5,1.53,0.211
シハイスミレ,36.1,29,27.7,8.4,1.24,0.233
シハイスミレ,33.9,22,26.3,7.6,1.54,0.224
シハイスミレ,33.4,27.4,24,9.4,1.22,0.281
シハイスミレ,18.1,14.1,12.1,6,1.28,0.331
シハイスミレ,18.5,13.5,14.2,4.3,1.37,0.232
シハイスミレ,19.6,12.7,12.9,6.7,1.54,0.342
シハイスミレ,31.4,19.7,23.8,7.6,1.59,0.242
シハイスミレ,29,17.3,21.2,7.8,1.68,0.269
シハイスミレ,27.2,19.7,20,7.2,1.38,0.265
シハイスミレ,18.2,17.3,12.5,5.7,1.05,0.313
シハイスミレ,36.1,19.7,26.3,9.8,1.83,0.271
シハイスミレ,28.6,18.3,21.5,7.1,1.56,0.248
シハイスミレ,42.8,24.2,33.7,9.1,1.77,0.213
シハイスミレ,31,21.6,23.9,7.1,1.44,0.229
シハイスミレ,33.7,21.5,26,7.7,1.57,0.228
シハイスミレ,37.1,23,27.6,9.5,1.61,0.256
シハイスミレ,31.6,22.9,23,8.6,1.38,0.272
シハイスミレ,41.5,25.5,30.3,11.2,1.63,0.27
シハイスミレ,57.8,31.6,42.2,15.6,1.83,0.27
シハイスミレ,42.4,30.2,30.2,12.2,1.4,0.288
シハイスミレ,30.3,16.6,22.6,7.7,1.83,0.254
シハイスミレ,39,20.5,29.1,9.9,1.9,0.254
シハイスミレ,53.3,39.5,35.4,17.9,1.35,0.336
シハイスミレ,32.1,26.9,20.9,11.2,1.19,0.349
シハイスミレ,44.9,28.1,32.1,12.8,1.6,0.285
シハイスミレ,53.7,31.3,41.9,11.8,1.72,0.22
シハイスミレ,36.7,25.5,26.2,10.5,1.44,0.286
シハイスミレ,50.5,30.7,36.5,14,1.64,0.277
シハイスミレ,62.3,32.8,48.7,13.6,1.9,0.218
シハイスミレ,32,18.6,25.4,6.6,1.72,0.206
シハイスミレ,30.7,16,23.8,6.9,1.92,0.225
シハイスミレ,37.2,19.8,28.4,8.8,1.88,0.237
シハイスミレ,28.1,18.4,20,8.1,1.53,0.288
シハイスミレ,38.5,22.1,29.2,9.3,1.74,0.242
シハイスミレ,38.5,19.1,29.4,9.1,2.02,0.236
シハイスミレ,39.6,19.8,30.1,9.5,2,0.24
シハイスミレ,36.9,22.3,26.2,10.7,1.65,0.29
シハイスミレ,44.7,22.5,33.3,11.4,1.99,0.255
シハイスミレ,33.5,19.1,24.3,9.2,1.75,0.275
シハイスミレ,28.3,17.9,19.3,9,1.58,0.318
シハイスミレ,29.2,16.4,21.4,7.8,1.78,0.267
シハイスミレ,39.4,24.4,29.2,10.2,1.61,0.259
シハイスミレ,44.6,25.9,31.4,13.2,1.72,0.296
シハイスミレ,45.5,22.4,35.8,9.7,2.03,0.213
シハイスミレ,60.7,30.8,47,13.7,1.97,0.226
シハイスミレ,52.6,30.7,37.1,15.5,1.71,0.295
シハイスミレ,37.9,23.3,29.5,8.4,1.62,0.221
シハイスミレ,39,17.9,31.4,7.5,2.18,0.193
シハイスミレ,39.8,19.5,30.7,9,2.04,0.227
シハイスミレ,39.7,19.3,30.9,8.8,2.06,0.223
シハイスミレ,44.1,23.9,32.8,11.3,1.85,0.256
シハイスミレ,46.1,18.4,36.4,9.7,2.51,0.211
シハイスミレ,34.3,20,26.7,7.6,1.72,0.221
シハイスミレ,41.4,24.2,32.8,8.6,1.71,0.207
シハイスミレ,41.1,25.3,32.4,8.7,1.62,0.213
シハイスミレ,42.5,26.9,33.1,9.4,1.58,0.222
シハイスミレ,45.9,29.8,36.3,9.6,1.54,0.209
シハイスミレ,29.3,21.3,21.8,7.5,1.37,0.255
シハイスミレ,46.4,29.8,33.5,12.9,1.56,0.279
シハイスミレ,41.6,24.6,34.7,6.9,1.69,0.166
シハイスミレ,50.5,33.4,34.6,15.9,1.51,0.314
シハイスミレ,11.2,9.3,8.1,3.1,1.2,0.274
シハイスミレ,13.7,10.8,10.1,3.6,1.27,0.263
シハイスミレ,21.9,14.1,16.2,5.7,1.55,0.259
シハイスミレ,26,15.4,18.6,7.3,1.69,0.283
シハイスミレ,15.8,10.4,12,3.9,1.52,0.245
シハイスミレ,28,17.3,21.5,6.4,1.62,0.23
シハイスミレ,20.6,14.9,14.6,6,1.39,0.291
シハイスミレ,29.1,17.9,23,6.1,1.63,0.209
シハイスミレ,30.5,16.7,23.1,7.4,1.82,0.242
シハイスミレ,19.5,11,14.6,4.9,1.77,0.252
シハイスミレ,32,20.6,24.8,7.3,1.56,0.227
シハイスミレ,22.7,15.3,17.4,5.3,1.49,0.235
シハイスミレ,32.2,23.3,27.6,4.6,1.38,0.144
シハイスミレ,31.7,21.5,25.2,6.6,1.48,0.207
シハイスミレ,33,23.3,28.6,4.4,1.42,0.133
シハイスミレ,33,20.8,27,6,1.59,0.182
シハイスミレ,37.9,21.5,29.8,8.1,1.76,0.214
シハイスミレ,44.5,22.1,31.3,13.2,2.01,0.297
シハイスミレ,23.1,14.4,16.8,6.4,1.6,0.275
シハイスミレ,20.9,12.5,16,4.8,1.67,0.231
シハイスミレ,24.6,13.8,19.5,5.1,1.78,0.208
シハイスミレ,21.9,13.2,15.8,6.1,1.67,0.279
シハイスミレ,26.9,14.3,21.2,5.7,1.88,0.212
シハイスミレ,26.1,18.6,17.8,8.4,1.41,0.32
シハイスミレ,33.3,20.7,23.6,9.7,1.6,0.291
シハイスミレ,22.1,16.7,14.4,7.7,1.32,0.349
シハイスミレ,34.1,21.5,23.4,10.6,1.58,0.312
シハイスミレ,24.8,14.6,19.5,5.3,1.71,0.214
シハイスミレ,35.7,18.1,25.2,10.5,1.97,0.293
シハイスミレ,32.5,15.6,24,8.5,2.08,0.261
シハイスミレ,36.6,17.6,28,8.6,2.07,0.234
シハイスミレ,35.1,24,25.6,9.5,1.47,0.269
シハイスミレ,22.9,9.7,19.2,3.8,2.36,0.164
シハイスミレ,35.3,23.1,25.5,9.8,1.52,0.277
シハイスミレ,25.3,18.8,20.9,4.5,1.35,0.177
シハイスミレ,39.2,23.8,31.4,7.8,1.65,0.199
シハイスミレ,42.1,31.1,29.1,13,1.35,0.31
シハイスミレ,49,28.4,34.9,14.1,1.72,0.289
シハイスミレ,53.7,37.4,38.1,15.6,1.43,0.291
シハイスミレ,59.1,31.5,45.7,13.3,1.87,0.226
シハイスミレ,63.5,34.1,49.3,14.2,1.86,0.224
シハイスミレ,22.8,13.4,17.3,5.5,1.71,0.241
シハイスミレ,31.8,18.1,24,7.8,1.76,0.245
シハイスミレ,28.9,14.7,22.8,6.2,1.96,0.213
シハイスミレ,29.9,14.3,24,5.9,2.09,0.197
シハイスミレ,25.7,13,19.8,5.9,1.98,0.231
シハイスミレ,29.7,19.7,24,5.7,1.5,0.192
シハイスミレ,30.8,15.5,23.8,7,1.99,0.228
シハイスミレ,35,15,26.1,8.9,2.33,0.254
シハイスミレ,43.3,19,33.8,9.5,2.28,0.22
シハイスミレ,42.2,19.6,32.5,9.7,2.15,0.229
ハリママキノスミレ,48.6,24.8,34.2,14.4,1.96,0.296
ハリママキノスミレ,60.6,26.9,43.1,17.5,2.25,0.289
ハリママキノスミレ,20.4,11.8,15.4,5,1.73,0.245
ハリママキノスミレ,25.8,14.4,20.1,5.7,1.79,0.221
ハリママキノスミレ,33,14.5,26.9,6.1,2.28,0.185
ハリママキノスミレ,37.4,17.8,30.2,7.2,2.1,0.193
ハリママキノスミレ,46.7,21.1,34.3,12.4,2.21,0.266
ハリママキノスミレ,49.8,24.4,40.4,9.4,2.04,0.189
ハリママキノスミレ,36.9,21.2,29.3,7.6,1.74,0.206
ハリママキノスミレ,38.6,19.7,27.8,10.8,1.96,0.28
ハリママキノスミレ,45,20.2,38,7,2.23,0.156
ハリママキノスミレ,45.8,20.8,34.2,11.6,2.2,0.253
ハリママキノスミレ,48.1,19.8,38.1,10,2.43,0.208
ハリママキノスミレ,51.7,24,36.2,15.5,2.15,0.3
ハリママキノスミレ,50.1,22.2,37.1,13,2.26,0.259
ハリママキノスミレ,54,29.1,39,15,1.86,0.278
ハリママキノスミレ,47.3,20.9,37.3,10,2.26,0.211
ハリママキノスミレ,50.9,23.2,37.7,13.2,2.19,0.259
ハリママキノスミレ,50,25.8,38,12,1.94,0.24
ハリママキノスミレ,53.5,22.6,40,13.5,2.37,0.252
ハリママキノスミレ,52.2,23.8,41.2,11,2.19,0.211
ハリママキノスミレ,60.5,30.1,45.5,15,2.01,0.248
ハリママキノスミレ,70.9,26.2,57.1,13.8,2.71,0.195
ハリママキノスミレ,40.8,22.3,32.7,8.1,1.83,0.199
ハリママキノスミレ,58,29.2,46.6,11.4,1.99,0.197
ハリママキノスミレ,67.9,25.2,56.1,11.8,2.69,0.174
ハリママキノスミレ,68.3,28.2,56.9,11.4,2.42,0.167
ハリママキノスミレ,69,25.1,59,10,2.75,0.145
ハリママキノスミレ,59,30.1,48.2,10.8,1.96,0.183
ハリママキノスミレ,69,28,55.1,13.9,2.46,0.201
ハリママキノスミレ,51,21.9,42.8,8.2,2.33,0.161
ハリママキノスミレ,58.3,30.7,43.3,15,1.9,0.257
ハリママキノスミレ,60.3,29.9,45.8,14.5,2.02,0.24
ハリママキノスミレ,58.2,29.2,43.3,14.9,1.99,0.256
ハリママキノスミレ,66.1,27.4,55.1,11,2.41,0.166
ハリママキノスミレ,63.2,35.3,48.2,15,1.79,0.237
ハリママキノスミレ,69.7,32.9,56.3,13.4,2.12,0.192
ハリママキノスミレ,70.1,34.1,54.8,15.3,2.06,0.218
ハリママキノスミレ,81,39.3,63.1,17.9,2.06,0.221
ハリママキノスミレ,80.8,40.8,60,20.8,1.98,0.257
ハリママキノスミレ,82.8,37.7,63.9,18.9,2.2,0.228
ハリママキノスミレ,85.1,33.7,66.6,18.5,2.53,0.217
ハリママキノスミレ,92,40.1,70,22,2.29,0.239
ハリママキノスミレ,99.7,42.9,76.5,23.2,2.32,0.233
ハリママキノスミレ,48,24.1,32.1,5.9,1.99,0.123
ハリママキノスミレ,51.3,23.3,38.8,12.5,2.2,0.244
ハリママキノスミレ,51.9,24.4,38.5,13.4,2.13,0.258
ハリママキノスミレ,59,25.1,41.1,17.9,2.35,0.303
ハリママキノスミレ,63.2,29.3,48.1,15.1,2.16,0.239
ハリママキノスミレ,66.9,29.2,51.3,15.6,2.29,0.233
ハリママキノスミレ,71.8,32.3,55.5,16.3,2.22,0.227
ハリママキノスミレ,76,31.8,55.3,20.7,2.39,0.272
ハリママキノスミレ,39.8,20.4,30.2,9.6,1.95,0.241
ハリママキノスミレ,42,20,31.2,10.8,2.1,0.257
ハリママキノスミレ,40.8,19.6,30.6,10.2,2.08,0.25
ハリママキノスミレ,42.3,20,32.2,10.1,2.12,0.239
ハリママキノスミレ,44.4,21.9,35,9.4,2.03,0.212
ハリママキノスミレ,45.1,22,34.5,10.6,2.05,0.235
ハリママキノスミレ,46.3,22.3,35.4,10.9,2.08,0.235
ハリママキノスミレ,51,23,40.5,10.5,2.22,0.206
ハリママキノスミレ,53.2,26.3,35.1,18.1,2.02,0.34
ハリママキノスミレ,54.7,29,39,15.7,1.89,0.287
ハリママキノスミレ,58,27.5,43,15,2.11,0.259
ハリママキノスミレ,56,28.7,41.7,14.3,1.95,0.255
ハリママキノスミレ,58,26,42.9,15.1,2.23,0.26
ハリママキノスミレ,60.5,28.5,47.8,12.7,2.12,0.21
ハリママキノスミレ,64,30,49,15,2.13,0.234
ハリママキノスミレ,68.8,26.8,51,17.8,2.57,0.259
ハリママキノスミレ,67.4,34,48.8,18.6,1.98,0.276
ハリママキノスミレ,70.7,34.3,65.2,5.5,2.06,0.078
ハリママキノスミレ,43.2,18.7,34.8,8.4,2.31,0.194
ハリママキノスミレ,54,28.7,38,16,1.88,0.296
ハリママキノスミレ,55,24,43,12,2.29,0.218
ハリママキノスミレ,58.9,21.9,45,13.9,2.69,0.236
ハリママキノスミレ,47.4,21.5,38.9,8.5,2.2,0.179
ハリママキノスミレ,47.5,17.2,37.8,9.7,2.76,0.204
ハリママキノスミレ,49.4,17.5,40.4,9,2.82,0.182
ハリママキノスミレ,57.9,25.1,44.4,13.5,2.31,0.233
ハリママキノスミレ,32.8,15.2,24.1,8.7,2.16,0.265
ハリママキノスミレ,36.5,19.5,28.3,8.2,1.87,0.225
ハリママキノスミレ,40.8,17,30.9,9.9,2.4,0.243
ハリママキノスミレ,43,17.2,33,10,2.5,0.233
ハリママキノスミレ,40.9,20,30.2,10.7,2.05,0.262
ハリママキノスミレ,47,20.3,31,16,2.32,0.34
ハリママキノスミレ,43.5,17,33.4,10.1,2.56,0.232
ハリママキノスミレ,44.2,18.4,34.1,10.1,2.4,0.229
ハリママキノスミレ,54.1,23.1,44.1,10,2.34,0.185
ハリママキノスミレ,41,20.8,28,13,1.97,0.317
ハリママキノスミレ,40,23.4,29,11,1.71,0.275
ハリママキノスミレ,48.1,28,35,13.1,1.72,0.272
ハリママキノスミレ,50.3,19.4,35,15.3,2.59,0.304
ハリママキノスミレ,50.1,23.8,35.3,14.8,2.11,0.295
ハリママキノスミレ,48,26,36.5,11.5,1.85,0.24
ハリママキノスミレ,49,24.7,36,13,1.98,0.265
ハリママキノスミレ,50.2,24.8,41.2,9,2.02,0.179
ハリママキノスミレ,50.3,28.9,37.5,12.8,1.74,0.254
ハリママキノスミレ,59.2,26,47.3,11.9,2.28,0.201
ハリママキノスミレ,61,25.6,49,12,2.38,0.197
ハリママキノスミレ,62,32.4,51.8,10.2,1.91,0.165
ハリママキノスミレ,63.1,28.1,54,9.1,2.25,0.144
ハリママキノスミレ,67,29,51.3,15.7,2.31,0.234
ハリママキノスミレ,67.3,36,50.8,16.5,1.87,0.245
ハリママキノスミレ,71.8,32,52.9,18.9,2.24,0.263
ハリママキノスミレ,80,34.6,65.7,14.3,2.31,0.179
ハリママキノスミレ,26.2,15.8,18.4,7.8,1.66,0.298
ハリママキノスミレ,29.9,20,21.2,8.7,1.5,0.291
ハリママキノスミレ,34.1,21,24.4,9.7,1.62,0.284
ハリママキノスミレ,43.2,21.1,27.2,16,2.05,0.37
ハリママキノスミレ,47.9,21,40.5,7.4,2.28,0.154
ハリママキノスミレ,53.8,25.8,40.7,13.1,2.09,0.243
ハリママキノスミレ,69.7,30.3,57.9,11.8,2.3,0.169
ハリママキノスミレ,74.1,36.5,59.5,14.6,2.03,0.197
ハリママキノスミレ,86,43.9,72,14,1.96,0.163
ハリママキノスミレ,93.2,48,73,20.2,1.94,0.217
ハリママキノスミレ,23.7,17.2,16.1,7.6,1.38,0.321
ハリママキノスミレ,31.8,15.9,22.9,8.9,2,0.28
ハリママキノスミレ,38.1,21.4,26.6,11.5,1.78,0.302
ハリママキノスミレ,51.3,24.8,35.1,16.2,2.07,0.316
ハリママキノスミレ,65.4,29,48.3,17.1,2.26,0.261
ハリママキノスミレ,70,30.7,49.9,20.1,2.28,0.287
ハリママキノスミレ,74.4,36.1,56.9,17.5,2.06,0.235
ハリママキノスミレ,38.5,25,26.8,11.7,1.54,0.304
ハリママキノスミレ,37,22.7,29.3,7.7,1.63,0.208
ハリママキノスミレ,36.9,26,27.9,9,1.42,0.244
ハリママキノスミレ,44,21.1,31.8,12.2,2.09,0.277
ハリママキノスミレ,51,30.2,38.1,12.9,1.69,0.253
ハリママキノスミレ,48.8,28.2,40,8.8,1.73,0.18
ハリママキノスミレ,52,24.9,43,9,2.09,0.173
ハリママキノスミレ,52.3,25.9,38.9,13.4,2.02,0.256
ハリママキノスミレ,55.4,30,37.7,17.7,1.85,0.319
ハリママキノスミレ,62.7,31.1,46.7,16,2.02,0.255
ハリママキノスミレ,74.9,34.1,52.9,22,2.2,0.294
ハリママキノスミレ,44.9,19.2,31.1,13.8,2.34,0.307
ハリママキノスミレ,48,21.9,36.5,11.5,2.19,0.24
ハリママキノスミレ,28.3,14.2,24.9,3.4,1.99,0.12
ハリママキノスミレ,41.1,20.1,31,10.1,2.04,0.246
ハリママキノスミレ,53.2,29.8,40.7,12.5,1.79,0.235
ハリママキノスミレ,64.5,28.5,47.5,17,2.26,0.264
ハリママキノスミレ,71,35,52.4,18.6,2.03,0.262
ハリママキノスミレ,57.4,22.1,47.5,9.9,2.6,0.172
ハリママキノスミレ,35.2,22.1,26.5,8.7,1.59,0.247
ハリママキノスミレ,38.3,18.2,30.2,8.1,2.1,0.211
ハリママキノスミレ,37.8,19.4,28,9.8,1.95,0.259
ハリママキノスミレ,42,21.9,28.7,13.3,1.92,0.317
ハリママキノスミレ,47.3,24.4,35.4,11.9,1.94,0.252
ハリママキノスミレ,48.8,21.4,37,11.8,2.28,0.242
ハリママキノスミレ,50.5,27.6,39.5,11,1.83,0.218
ハリママキノスミレ,50,23.2,40.5,9.5,2.16,0.19
ハリママキノスミレ,51.1,26.8,39.2,11.9,1.91,0.233
ハリママキノスミレ,55.2,28,43.2,12,1.97,0.217
ハリママキノスミレ,54.2,26.2,41.4,12.8,2.07,0.236
ハリママキノスミレ,53.3,29.2,40.5,12.8,1.83,0.24
ハリママキノスミレ,59.1,26.2,46.8,12.3,2.26,0.208
ハリママキノスミレ,59.3,27.6,40.8,18.5,2.15,0.312
ハリママキノスミレ,61.9,31,45.4,16.5,2,0.267
ハリママキノスミレ,61,28.6,49.7,11.3,2.13,0.185
ハリママキノスミレ,61.2,24.9,46.9,14.3,2.46,0.234
ハリママキノスミレ,65.3,31.9,53.2,12.1,2.05,0.185
ハリママキノスミレ,62.8,33.4,47.1,15.7,1.88,0.25
ハリママキノスミレ,30,20.4,22.5,7.5,1.47,0.25
ハリママキノスミレ,48.8,25,39.5,9.3,1.95,0.191
ハリママキノスミレ,50.6,25.5,41.8,8.8,1.98,0.174
ハリママキノスミレ,50.2,21.1,44.3,5.9,2.38,0.118
ハリママキノスミレ,54.1,26,48,6.1,2.08,0.113
ハリママキノスミレ,54.4,32.1,44.9,9.5,1.69,0.175
ハリママキノスミレ,55.7,24.8,49.5,6.2,2.25,0.111
ハリママキノスミレ,58.6,34,44.4,14.2,1.72,0.242
ハリママキノスミレ,65.4,28.2,52.9,12.5,2.32,0.191
ハリママキノスミレ,59.1,27.5,51.2,7.9,2.15,0.134
ハリママキノスミレ,64,36.3,49.7,14.3,1.76,0.223
ハリママキノスミレ,49.5,29.9,38.2,11.3,1.66,0.228
ハリママキノスミレ,49.1,23.7,36.8,12.3,2.07,0.251
ハリママキノスミレ,50.5,26,39.3,11.2,1.94,0.222
ハリママキノスミレ,54.4,23.2,45.5,8.9,2.34,0.164
ハリママキノスミレ,58.3,34.9,42.8,15.5,1.67,0.266
ハリママキノスミレ,61.8,33,49.3,12.5,1.87,0.202
ハリママキノスミレ,62.7,30.6,49.1,13.6,2.05,0.217
ハリママキノスミレ,65.8,24.4,52.6,13.2,2.7,0.201
ハリママキノスミレ,65.3,26.5,51,14.3,2.46,0.219
ハリママキノスミレ,42.2,21.2,30.2,12,1.99,0.284
ハリママキノスミレ,44.4,25.4,29.8,14.6,1.75,0.329
ハリママキノスミレ,45.4,27.9,31.8,13.6,1.63,0.3
ハリママキノスミレ,43,22.1,30.2,12.8,1.95,0.298
ハリママキノスミレ,48.3,24.8,35.2,13.1,1.95,0.271
ハリママキノスミレ,59.7,29.2,47.7,12,2.04,0.201
ハリママキノスミレ,54.1,24.3,39.4,14.7,2.23,0.272
ハリママキノスミレ,59,26.6,46.7,12.3,2.22,0.208
ハリママキノスミレ,58.4,29.1,39.5,18.9,2.01,0.324
ハリママキノスミレ,63.2,30,45.8,17.4,2.11,0.275
ハリママキノスミレ,65.5,30.4,47.2,18.3,2.15,0.279
ハリママキノスミレ,78.3,45.2,58.5,19.8,1.73,0.253
ハリママキノスミレ,39.7,21.5,28.7,11,1.85,0.277
ハリママキノスミレ,56.9,24.1,40.7,16.2,2.36,0.285
ハリママキノスミレ,70.4,34.4,51.6,18.8,2.05,0.267
ハリママキノスミレ,56.8,24,39.9,16.9,2.37,0.298
ハリママキノスミレ,47.3,23.9,34.8,12.5,1.98,0.264
ハリママキノスミレ,57.7,22.5,42.3,15.4,2.56,0.267
ハリママキノスミレ,53.8,25,39,14.8,2.15,0.275
ハリママキノスミレ,43.5,18.3,35.5,8,2.38,0.184
ハリママキノスミレ,35.5,18.6,25.8,9.7,1.91,0.273
ハリママキノスミレ,45.4,21.6,32.1,13.3,2.1,0.293
ハリママキノスミレ,57.6,24.3,43.5,14.1,2.37,0.245
ハリママキノスミレ,36.5,21,23.9,12.6,1.74,0.345
ハリママキノスミレ,59.1,24.6,38.2,20.9,2.4,0.354
ハリママキノスミレ,54.5,29.1,38.2,16.3,1.87,0.299
ハリママキノスミレ,32.9,21.3,22.8,10.1,1.54,0.307
ハリママキノスミレ,68.7,33.9,52.8,16,2.02,0.232
ハリママキノスミレ,74.1,31,58.8,15.4,2.39,0.207
ハリママキノスミレ,86.6,38,70.6,16,2.28,0.185
マキノスミレ,43.9,21.9,34.7,9.2,2,0.21
マキノスミレ,34.7,23.9,24.4,10.3,1.45,0.297
マキノスミレ,45.4,25.2,37.9,7.5,1.8,0.165
マキノスミレ,51,27,39.7,11.3,1.89,0.222
マキノスミレ,54,25.7,46.1,7.9,2.1,0.146
マキノスミレ,63.8,29.1,49.7,14.1,2.19,0.221
マキノスミレ,79.1,37.3,63.1,16,2.12,0.202
マキノスミレ,31.7,16.8,23.6,8.1,1.89,0.256
マキノスミレ,33.4,20,26.5,6.9,1.67,0.207
マキノスミレ,41.3,22.5,34.4,6.9,1.84,0.167
マキノスミレ,53,17.4,44.4,8.6,3.05,0.162
マキノスミレ,61.4,26,46.4,15,2.36,0.244
マキノスミレ,62.3,27.5,53.2,9.1,2.27,0.146
マキノスミレ,33.9,17.8,25.3,8.6,1.9,0.254
マキノスミレ,37,20.8,26,11,1.78,0.297
マキノスミレ,38.5,15.9,28.9,9.6,2.42,0.249
マキノスミレ,40.8,19,33.2,7.6,2.15,0.186
マキノスミレ,41.3,18.6,33.3,8,2.22,0.194
マキノスミレ,44.5,17,37.4,7.1,2.62,0.16
マキノスミレ,27.5,12.8,20.7,6.8,2.15,0.247
マキノスミレ,32.7,14.6,24.8,7.9,2.24,0.242
マキノスミレ,32.5,10.2,25.9,6.6,3.19,0.203
マキノスミレ,34.8,11.9,27.7,7.1,2.92,0.204
マキノスミレ,32.9,14.2,28.5,4.4,2.32,0.134
マキノスミレ,34.9,14.8,26.4,8.5,2.36,0.244
マキノスミレ,29,16.3,22.2,6.8,1.78,0.234
マキノスミレ,35.2,18.6,28.2,7,1.89,0.199
マキノスミレ,48.7,20.3,40.5,8.2,2.4,0.168
マキノスミレ,25.3,12,20.5,4.8,2.11,0.19
マキノスミレ,40,18,30.5,9.5,2.22,0.238
マキノスミレ,57.3,29.4,42.4,14.9,1.95,0.26
マキノスミレ,63.8,22.2,49.9,13.9,2.87,0.218
マキノスミレ,59.3,20.4,52.1,7.2,2.91,0.121
マキノスミレ,64.8,27,52.5,12.3,2.4,0.19
マキノスミレ,55.1,22.6,45.1,10,2.44,0.181
マキノスミレ,54.1,20.8,41.7,12.4,2.6,0.229
マキノスミレ,61.1,24.7,49,12.1,2.47,0.198
マキノスミレ,57.3,22.9,47,10.3,2.5,0.18
マキノスミレ,45.5,22.3,33.6,11.9,2.04,0.262
マキノスミレ,76.1,25.9,66.3,9.8,2.94,0.129
マキノスミレ,47.4,17.2,38.2,9.2,2.76,0.194
マキノスミレ,40.1,16,34.2,5.9,2.51,0.147
マキノスミレ,56.4,17.2,50.3,6.1,3.28,0.108
マキノスミレ,43.6,19.7,36,7.6,2.21,0.174
マキノスミレ,50.6,17.8,45.4,5.2,2.84,0.103
マキノスミレ,51.5,19.2,41.5,10,2.68,0.194
マキノスミレ,34.9,16.2,28,6.9,2.15,0.198
マキノスミレ,33.1,12.5,28.2,4.9,2.65,0.148
マキノスミレ,31.1,12,25.1,6,2.59,0.193
マキノスミレ,26.2,12.7,20.1,6.1,2.06,0.233
マキノスミレ,24.2,10.4,19.1,5.1,2.33,0.211
マキノスミレ,35.3,13.3,29.1,6.2,2.65,0.176
マキノスミレ,29.2,11.2,24.3,4.9,2.61,0.168
マキノスミレ,21.1,11,17.1,4,1.92,0.19
マキノスミレ,26.7,16.3,19.5,7.2,1.64,0.27
マキノスミレ,27.2,16.5,21.1,6.1,1.65,0.224
マキノスミレ,27.9,12.2,22,5.9,2.29,0.211
マキノスミレ,31.3,19.8,22,9.3,1.58,0.297
マキノスミレ,31,11.9,27.1,3.9,2.61,0.126
マキノスミレ,31.8,15.5,25.8,6,2.05,0.189
マキノスミレ,36.8,14.6,31.8,5,2.52,0.136
マキノスミレ,66.1,25.5,57,9.1,2.59,0.138
マキノスミレ,76.2,32.4,66.5,9.7,2.35,0.127
マキノスミレ,31.3,22.5,22.5,8.8,1.39,0.281
マキノスミレ,30,17.2,25.7,4.3,1.74,0.143
マキノスミレ,37.6,14.2,31.4,6.2,2.65,0.165
マキノスミレ,40.1,19.3,31.8,8.3,2.08,0.207
マキノスミレ,39.2,16.1,32,7.2,2.43,0.184
マキノスミレ,36.8,21.7,27.1,9.7,1.7,0.264
マキノスミレ,41.5,24.1,34.1,7.4,1.72,0.178
マキノスミレ,43,20.8,34,9,2.07,0.209
マキノスミレ,49.1,24.8,37.7,11.4,1.98,0.232
マキノスミレ,42.1,26.2,35.2,6.9,1.61,0.164
マキノスミレ,28.8,9.5,23.9,4.9,3.03,0.17
マキノスミレ,35.9,11.3,29.1,6.8,3.18,0.189
マキノスミレ,35.8,11.2,27.1,8.7,3.2,0.243
マキノスミレ,28.9,9.6,24.3,4.6,3.01,0.159
マキノスミレ,21.8,8.8,15.2,6.6,2.48,0.303
マキノスミレ,26.8,11.5,20,6.8,2.33,0.254
マキノスミレ,40.6,18.1,32.1,8.5,2.24,0.209
マキノスミレ,58.3,19.1,44.3,14,3.05,0.24
マキノスミレ,49,19.1,37.7,11.3,2.57,0.231
マキノスミレ,46.9,17.2,37.7,9.2,2.73,0.196
マキノスミレ,37.7,17.9,28,9.7,2.11,0.257
マキノスミレ,42.2,17.7,33.3,8.9,2.38,0.211
マキノスミレ,31.1,13,24.8,6.3,2.39,0.203
マキノスミレ,30.1,14.2,23.2,6.9,2.12,0.229
マキノスミレ,29.4,13.7,21.7,7.7,2.15,0.262
マキノスミレ,43.8,17.8,35.4,8.4,2.46,0.192
マキノスミレ,42.3,18.4,30.6,11.7,2.3,0.277
マキノスミレ,50.3,18.4,40.5,9.8,2.73,0.195
マキノスミレ,35.9,16.1,28.6,7.3,2.23,0.203
マキノスミレ,50.9,19.6,41.6,9.3,2.6,0.183
マキノスミレ,47.4,18.5,38.1,9.3,2.56,0.196
マキノスミレ,66.5,26.1,52.4,14.1,2.55,0.212
マキノスミレ,52.6,24.7,41.7,10.9,2.13,0.207
マキノスミレ,69.8,22.2,56.5,13.3,3.14,0.191
マキノスミレ,60.6,20.8,49.4,11.2,2.91,0.185
マキノスミレ,71.1,24.1,56.8,14.3,2.95,0.201
マキノスミレ,61.8,19.6,51.1,10.7,3.15,0.173
マキノスミレ,68.3,24.8,53.4,14.9,2.75,0.218
マキノスミレ,45.2,15.5,36.3,8.9,2.92,0.197
マキノスミレ,80.6,20,67.6,13,4.03,0.161
マキノスミレ,61.5,18.2,50.9,10.6,3.38,0.172
マキノスミレ,80.1,29.2,66.1,14,2.74,0.175
マキノスミレ,62.4,22.2,51.8,10.6,2.81,0.17
マキノスミレ,81.8,27.5,62,19.8,2.97,0.242
マキノスミレ,69.5,25.7,56.2,13.3,2.7,0.191
マキノスミレ,94.3,24.2,77.3,17,3.9,0.18
マキノスミレ,59,25,43.8,15.2,2.36,0.258
マキノスミレ,94,33.1,73.9,20.1,2.84,0.214
マキノスミレ,80.5,24.5,65.7,14.8,3.29,0.184
マキノスミレ,95.6,37.1,80.2,15.4,2.58,0.161
マキノスミレ,60.3,22.7,46.3,14,2.66,0.232
マキノスミレ,94.5,41.2,75.7,18.8,2.29,0.199
マキノスミレ,68.6,32.8,52.4,16.2,2.09,0.236
マキノスミレ,57.7,28.3,44.1,13.6,2.04,0.235
マキノスミレ,70.9,33.8,56,15,2.1,0.211
マキノスミレ,82.3,35.5,63.5,18.8,2.32,0.229
マキノスミレ,74.5,36.9,54.3,20.2,2.02,0.271
マキノスミレ,93.9,44.4,74.1,19.9,2.12,0.212
フモトスミレ,21.6,17,16,5.6,1.26,0.259
フモトスミレ,24,17.6,15.6,8.4,1.36,0.351
フモトスミレ,30,22.4,20.3,9.7,1.34,0.322
フモトスミレ,33.2,23.8,21.9,11.3,1.39,0.339
フモトスミレ,28.6,19.4,21.3,7.2,1.47,0.253
フモトスミレ,28.9,19.9,19.2,9.8,1.45,0.337
フモトスミレ,30.8,19.6,19.6,11.2,1.57,0.363
フモトスミレ,31.7,20.7,22.8,8.9,1.52,0.281
フモトスミレ,50.4,24.6,32.4,18,2.04,0.356
フモトスミレ,25.1,18.7,15.9,9.2,1.33,0.367
フモトスミレ,35.6,24.3,24.8,10.8,1.46,0.303
フモトスミレ,40.2,23,26.7,13.5,1.74,0.335
フモトスミレ,42.9,24.1,30,12.9,1.77,0.299
フモトスミレ,45.2,30,30.7,14.6,1.5,0.322
フモトスミレ,37.7,25.6,27.9,9.8,1.47,0.26
フモトスミレ,37.4,24,27.3,10.2,1.55,0.271
フモトスミレ,33.8,26.8,23,10.8,1.26,0.318
フモトスミレ,32.5,25.3,23,9.5,1.28,0.292
フモトスミレ,30.3,20.5,18.3,12,1.47,0.396
フモトスミレ,31.8,21.3,24,7.7,1.49,0.244
フモトスミレ,28.3,20,18,10.2,1.41,0.362
フモトスミレ,28.3,19.5,21,7.2,1.44,0.256
フモトスミレ,24.5,17.5,17.5,7,1.39,0.285
フモトスミレ,23.8,19.8,14.5,9.2,1.2,0.389
フモトスミレ,21.5,18.5,15.3,6.2,1.16,0.29
フモトスミレ,14.3,13.3,10.3,4,1.07,0.28
フモトスミレ,30,17.8,21.5,8.5,1.68,0.284
フモトスミレ,30,20,19.8,10.3,1.5,0.341
フモトスミレ,30.2,19.8,21.5,8.8,1.53,0.29
フモトスミレ,25.8,18.9,16.9,8.9,1.36,0.343
フモトスミレ,27.9,19,18.1,9.8,1.46,0.352
フモトスミレ,28.1,18.4,17.6,10.5,1.52,0.373
フモトスミレ,22.3,14.7,15,7.3,1.51,0.326
フモトスミレ,23.2,18.4,16.3,6.9,1.26,0.298
フモトスミレ,19.7,14.5,12.6,7.1,1.35,0.36
フモトスミレ,20.6,15.3,15.3,5.3,1.34,0.257
フモトスミレ,19.5,14.5,12.9,6.7,1.34,0.341
フモトスミレ,20.5,15.5,15.5,5,1.32,0.244
フモトスミレ,19.8,16.6,15.4,4.4,1.19,0.222
フモトスミレ,21,12.9,14.6,6.3,1.62,0.302
フモトスミレ,17.1,14.6,11.2,5.9,1.16,0.342
フモトスミレ,31.3,22.5,21,10.3,1.39,0.329
フモトスミレ,31.5,27.5,22.3,9.2,1.14,0.291
フモトスミレ,25.8,18.2,19.5,6.3,1.42,0.245
フモトスミレ,26.3,19.2,19.2,7.2,1.37,0.272
フモトスミレ,24.8,20,18,6.8,1.24,0.275
フモトスミレ,22.2,14,16.3,5.8,1.58,0.263
フモトスミレ,23.3,13.8,17.2,6.2,1.68,0.264
フモトスミレ,38.1,30.5,26.3,11.9,1.25,0.311
フモトスミレ,34.1,27.5,23.4,10.7,1.24,0.313
フモトスミレ,32.7,26.1,21.9,10.8,1.25,0.331
フモトスミレ,32.4,22.5,23.7,8.6,1.43,0.267
フモトスミレ,30.3,23.1,19.8,10.5,1.31,0.346
フモトスミレ,29.5,20.5,23.1,6.4,1.43,0.218
フモトスミレ,25.3,19,17.8,7.5,1.33,0.295
